asset_id,asset_name,sector,longitude,latitude,equity_usd_m,cooling_backup_verified,hot_days_2024,coverage,review
A01,Bay warehouse,Logistics,-95.48,29.65,20,False,116.0,available,Operations follow-up
A02,Canal apartments,Housing,-95.42,29.7,35,True,92.0,available,Below rule / backup verified
A03,Cedar logistics,Logistics,-95.33,29.72,28,False,96.0,available,Operations follow-up
A04,Delta solar,Energy,-95.26,29.67,18,True,109.0,available,Below rule / backup verified
A05,Elm housing,Housing,-95.45,29.79,42,False,79.0,available,Below rule / backup verified
A06,Foundry storage,Logistics,-95.37,29.81,16,False,69.0,available,Below rule / backup verified
A07,Grove office,Office,-95.3,29.86,33,True,57.0,available,Below rule / backup verified
A08,Harbor data center,Digital infrastructure,-95.22,29.78,60,False,91.0,available,Operations follow-up
A09,Ivy apartments,Housing,-95.4,29.88,25,True,53.0,available,Below rule / backup verified
A10,Juniper depot,Logistics,-95.28,29.83,22,False,75.0,available,Below rule / backup verified
A11,Kestrel logistics,Logistics,-95.12,29.76,30,False,,outside grid,Data follow-up
A12,Lagoon storage,Logistics,-95.485,29.89,12,False,,missing cell,Data follow-up
