"Action","Source","Destination","SHA256"
"Moved","E:\DataViz Course\Week 8\Folium-mpld3.ipynb","E:\DataViz Course\Geospatial Learning\01-Course\02-Geocoding-and-Interactive-Maps\Folium-mpld3.ipynb","21E858545369AEA9871B8700367698E0E0CDC56797B37DE43B8B37502FFA4A65"
"Moved","E:\DataViz Course\Week 8\Folium_and_mplleaflet.ipynb","E:\DataViz Course\Geospatial Learning\01-Course\02-Geocoding-and-Interactive-Maps\Folium_and_mplleaflet.ipynb","8FF83384CED9C7EF158B746C431C055C7C714E339DFB1332F7FFDCE5BA1CBB1C"
"Moved","E:\DataViz Course\Week 8\Lecture Eight - APIs & JSON and GeoPy.ipynb","E:\DataViz Course\Geospatial Learning\01-Course\02-Geocoding-and-Interactive-Maps\Lecture Eight - APIs & JSON and GeoPy.ipynb","0E1286749328D0C6454387E786CF7AB976562DBD18747E95FB98081A8F47DA1E"
"Moved","E:\DataViz Course\Week 8\Lecture Eight - Folium.ipynb","E:\DataViz Course\Geospatial Learning\01-Course\02-Geocoding-and-Interactive-Maps\Lecture Eight - Folium.ipynb","63E027948768ACB88E44A89D5FC7001FFB121AF77C6107857153733FE68700E7"
"Moved","E:\DataViz Course\Week 8\MarkerCluster.ipynb","E:\DataViz Course\Geospatial Learning\01-Course\02-Geocoding-and-Interactive-Maps\MarkerCluster.ipynb","E167B83D53A090239633D5DAD887C543AF75E9C2299E8811F9DEF01A816EF4E3"
"Moved","E:\DataViz Course\Week 8\Polygons_from_list_of_points.ipynb","E:\DataViz Course\Geospatial Learning\01-Course\02-Geocoding-and-Interactive-Maps\Polygons_from_list_of_points.ipynb","37EBA48C4A68DAEC5D5D2BE6C36250C82FFFB5125136399F657D569F780A3D1A"
"Moved","E:\DataViz Course\Week 8\Strip.ipynb","E:\DataViz Course\Geospatial Learning\01-Course\02-Geocoding-and-Interactive-Maps\Strip.ipynb","96CC5DFB2A69C241C579F3BD8D391BAF950E04957A0802E7540CFA0310F88AAA"
"Moved","E:\DataViz Course\Week 8\addresses.csv","E:\DataViz Course\Geospatial Learning\01-Course\02-Geocoding-and-Interactive-Maps\addresses.csv","119C9B716C78D39CA97D550813AA01C66F081CEF276A5D714C51E1A103DD31EC"
"Moved","E:\DataViz Course\Week 8\df_addresses.csv","E:\DataViz Course\Geospatial Learning\01-Course\02-Geocoding-and-Interactive-Maps\df_addresses.csv","B7AB400C909AC7C2CFADDB1F0356044AF8D5A162BFCCF94C12E20A2C0085CF62"
"Moved","E:\DataViz Course\Week 8\.ipynb_checkpoints\Lecture Eight - APIs & JSON and GeoPy-checkpoint.ipynb","E:\DataViz Course\Geospatial Learning\01-Course\02-Geocoding-and-Interactive-Maps\.ipynb_checkpoints\Lecture Eight - APIs & JSON and GeoPy-checkpoint.ipynb","611B559428369DCA43A0D8D1D03FFB7FF32407746FEAB62B98D533B91CD6FF52"
"Moved","E:\DataViz Course\Week 8\.ipynb_checkpoints\Lecture Eight - Folium-checkpoint.ipynb","E:\DataViz Course\Geospatial Learning\01-Course\02-Geocoding-and-Interactive-Maps\.ipynb_checkpoints\Lecture Eight - Folium-checkpoint.ipynb","529D0CB5F08B1163E569B91ADF146A3236610C64078921275D452C635F32B998"
"Moved","E:\DataViz Course\Week 8\.ipynb_checkpoints\MarkerCluster-checkpoint.ipynb","E:\DataViz Course\Geospatial Learning\01-Course\02-Geocoding-and-Interactive-Maps\.ipynb_checkpoints\MarkerCluster-checkpoint.ipynb","0657BEBEC1A4F3C47EE391585332F552D2A6EF961F8E940FDB244B1941548FC3"
"Moved","E:\DataViz Course\Week 8\.ipynb_checkpoints\Polygons_from_list_of_points-checkpoint.ipynb","E:\DataViz Course\Geospatial Learning\01-Course\02-Geocoding-and-Interactive-Maps\.ipynb_checkpoints\Polygons_from_list_of_points-checkpoint.ipynb","37EBA48C4A68DAEC5D5D2BE6C36250C82FFFB5125136399F657D569F780A3D1A"
"Moved","E:\DataViz Course\Week 8\.ipynb_checkpoints\Strip-checkpoint.ipynb","E:\DataViz Course\Geospatial Learning\01-Course\02-Geocoding-and-Interactive-Maps\.ipynb_checkpoints\Strip-checkpoint.ipynb","A1F16C0CD244C80F3D3D8374E2D33ED3FF73BC81057D6866350EF34A88D39209"
"Moved","E:\DataViz Course\Week 8\data\2014_08_05_farol.gpx","E:\DataViz Course\Geospatial Learning\01-Course\02-Geocoding-and-Interactive-Maps\data\2014_08_05_farol.gpx","4B45F9AFFA0299CB875A1AB85D1DE21D9A0A80414CB2E5E33BB006D5A77AEBF3"
"Moved","E:\DataViz Course\Week 8\data\Mercator_projection_SW.jpg","E:\DataViz Course\Geospatial Learning\01-Course\02-Geocoding-and-Interactive-Maps\data\Mercator_projection_SW.jpg","1316BABDA4708EA7152C144B90DFDECEB59992C96763B133BF0EDB2B589251D0"
"Moved","E:\DataViz Course\Week 8\data\Mercator_projection_SW.png","E:\DataViz Course\Geospatial Learning\01-Course\02-Geocoding-and-Interactive-Maps\data\Mercator_projection_SW.png","1DAFAC32EE9572411EC9AEE8E5FB9B739D8633AEC7B04AFDFC41FE38536803B8"
"Moved","E:\DataViz Course\Week 8\data\NOAA_46041.csv","E:\DataViz Course\Geospatial Learning\01-Course\02-Geocoding-and-Interactive-Maps\data\NOAA_46041.csv","1297E191C32D58966D1A83B41A4DDA9111982D06015114D9B3D2DEA921007605"
"Moved","E:\DataViz Course\Week 8\data\NOAA_46050_WS.csv","E:\DataViz Course\Geospatial Learning\01-Course\02-Geocoding-and-Interactive-Maps\data\NOAA_46050_WS.csv","FCDB5F3B98F898A1A5D0392A10871D1566AAFFA9785941E75660FF63C0ED2F50"
"Moved","E:\DataViz Course\Week 8\data\NOAA_46243.csv","E:\DataViz Course\Geospatial Learning\01-Course\02-Geocoding-and-Interactive-Maps\data\NOAA_46243.csv","35CD69FFEAF01889E3483EB479E46D7CF70ED4DBD45B134C3CC0120B21A9643C"
"Moved","E:\DataViz Course\Week 8\data\US_Unemployment_Oct2012.csv","E:\DataViz Course\Geospatial Learning\01-Course\02-Geocoding-and-Interactive-Maps\data\US_Unemployment_Oct2012.csv","D05C5C6D37BCB4A3E4CB9394A71D9CAF6902948AF5217DBCFB4FC9FB698BBAB6"
"Moved","E:\DataViz Course\Week 8\data\antarctic_ice_edge.json","E:\DataViz Course\Geospatial Learning\01-Course\02-Geocoding-and-Interactive-Maps\data\antarctic_ice_edge.json","646CE58D29229A82DE35D32C9ED265A4CC87DBAE6CCAF1E68F5AB35C11A7AD21"
"Moved","E:\DataViz Course\Week 8\data\antarctic_ice_shelf_topo.json","E:\DataViz Course\Geospatial Learning\01-Course\02-Geocoding-and-Interactive-Maps\data\antarctic_ice_shelf_topo.json","A0D9DAD84BB063FEF9585FF603CF57218B12D8EB47370A956481F0A537E07B8A"
"Moved","E:\DataViz Course\Week 8\data\consonants_vowels.csv","E:\DataViz Course\Geospatial Learning\01-Course\02-Geocoding-and-Interactive-Maps\data\consonants_vowels.csv","21060B1D63DEACC532A7B2142BB06003DF17215C8765EB85C5AACCF1C3C9FA72"
"Moved","E:\DataViz Course\Week 8\data\data.json","E:\DataViz Course\Geospatial Learning\01-Course\02-Geocoding-and-Interactive-Maps\data\data.json","F2C93FE7738818239739504D5E8DD7CAC98932C3854BA402E6A2AB98DC098C90"
"Moved","E:\DataViz Course\Week 8\data\data2.json","E:\DataViz Course\Geospatial Learning\01-Course\02-Geocoding-and-Interactive-Maps\data\data2.json","0757C2BF4BECE9F48016A75AEDF90170664C7AA52FC59AE5A59C10B1368F1F48"
"Moved","E:\DataViz Course\Week 8\data\data3.json","E:\DataViz Course\Geospatial Learning\01-Course\02-Geocoding-and-Interactive-Maps\data\data3.json","DB1BECB7F3C092AF931FD21CD3BA73384EA7DA089731E48CF58F2AF5C32A4ABE"
"Moved","E:\DataViz Course\Week 8\data\highlight_flight_trajectories.csv","E:\DataViz Course\Geospatial Learning\01-Course\02-Geocoding-and-Interactive-Maps\data\highlight_flight_trajectories.csv","32A71AD55FB281DCBD37DAA7A9ABEAC919067834C57C8B3D15C758FC46FF510E"
"Moved","E:\DataViz Course\Week 8\data\mercator_temperature.mat","E:\DataViz Course\Geospatial Learning\01-Course\02-Geocoding-and-Interactive-Maps\data\mercator_temperature.mat","510AB8061524B012602B2CC45AB64C3D6EE9259F8BF7B7FB56DA11446EED6EF5"
"Moved","E:\DataViz Course\Week 8\data\nybb.zip","E:\DataViz Course\Geospatial Learning\01-Course\02-Geocoding-and-Interactive-Maps\data\nybb.zip","61BEB4EB1C03ED1B3AC1E7C8899DA30E4928E74DDB8F81E4106C1A5C520DA03B"
"Moved","E:\DataViz Course\Week 8\data\or_counties_topo.json","E:\DataViz Course\Geospatial Learning\01-Course\02-Geocoding-and-Interactive-Maps\data\or_counties_topo.json","E7093D88AA0A79872836DB99A073CA67ED0D682E060658883515939B91886D0D"
"Moved","E:\DataViz Course\Week 8\data\search_bars_rome.json","E:\DataViz Course\Geospatial Learning\01-Course\02-Geocoding-and-Interactive-Maps\data\search_bars_rome.json","6B465B19DC7F901A3DDC1BF6400E106556C71E2F41175E4CF52B7B58FD91E761"
"Moved","E:\DataViz Course\Week 8\data\search_states.json","E:\DataViz Course\Geospatial Learning\01-Course\02-Geocoding-and-Interactive-Maps\data\search_states.json","D0F65E4DC687246D3DB9E40FF0126887BB8E2CE19E97B2E211E299D82039D73E"
"Moved","E:\DataViz Course\Week 8\data\subwaystations.geojson","E:\DataViz Course\Geospatial Learning\01-Course\02-Geocoding-and-Interactive-Maps\data\subwaystations.geojson","DC7C9EFA835696F096FBE72F87E0351A8171C81736B193991838FB165F8581AC"
"Moved","E:\DataViz Course\Week 8\data\us-states.json","E:\DataViz Course\Geospatial Learning\01-Course\02-Geocoding-and-Interactive-Maps\data\us-states.json","6A55B5314C49A6C62E20CAADD08E30405F7BB20FE280082E1D6B1615DEAD6546"
"Moved","E:\DataViz Course\Week 8\data\us_counties_20m_topo.json","E:\DataViz Course\Geospatial Learning\01-Course\02-Geocoding-and-Interactive-Maps\data\us_counties_20m_topo.json","DFAFBDB4808D1E7E446086E4E1119081B05282A22C10A692EE4AE419607DBAEA"
"Moved","E:\DataViz Course\Week 8\data\us_county_data.csv","E:\DataViz Course\Geospatial Learning\01-Course\02-Geocoding-and-Interactive-Maps\data\us_county_data.csv","933D5A8E36DA181880C444E2922FDDCFC85EFBAA004F4384AA4878BADA9A2727"
"Moved","E:\DataViz Course\Week 8\data\vis1.json","E:\DataViz Course\Geospatial Learning\01-Course\02-Geocoding-and-Interactive-Maps\data\vis1.json","24F2E992CD75D0CC8A2EAF4297E440B730197AC46EBE236FB7C5DC36B84A76FD"
"Moved","E:\DataViz Course\Week 8\data\vis2.json","E:\DataViz Course\Geospatial Learning\01-Course\02-Geocoding-and-Interactive-Maps\data\vis2.json","F505AF809BDCC1CD1456BE1348DCA6F551C8B96EF6AC60FAAE17DEC48791F512"
"Moved","E:\DataViz Course\Week 8\data\vis3.json","E:\DataViz Course\Geospatial Learning\01-Course\02-Geocoding-and-Interactive-Maps\data\vis3.json","5CF9135AF5A7D679E7728AF03D0C2A676699B41D90A833CFDF89FD9E7B130D65"
"Moved","E:\DataViz Course\Week 8\data\world-countries.json","E:\DataViz Course\Geospatial Learning\01-Course\02-Geocoding-and-Interactive-Maps\data\world-countries.json","7D185EFBD703132ED761DB20C990BCD8E8067ABB56746FDE831EBD36ACDB1E1A"
"Moved","E:\DataViz Course\Week 9\Lecture Eight -  GeoPandas & MapClassify.ipynb","E:\DataViz Course\Geospatial Learning\01-Course\01-Geospatial-Foundations-and-Spatial-Analysis\Lecture Eight -  GeoPandas & MapClassify.ipynb","6E5F38945E31219BFFE9F36D8DEDD35E91A861F26A183D531FEE4816C04FDA5D"
"Moved","E:\DataViz Course\Week 9\Lecture Eight - GeoPlot.ipynb","E:\DataViz Course\Geospatial Learning\01-Course\01-Geospatial-Foundations-and-Spatial-Analysis\Lecture Eight - GeoPlot.ipynb","1DA6DC7008B624F092F7C5FE1390CDE5AD135E2DBDED832E7AFF5EAABFD80C95"
"Moved","E:\DataViz Course\Week 9\Lecture Eight - Geospatial Data.ipynb","E:\DataViz Course\Geospatial Learning\01-Course\01-Geospatial-Foundations-and-Spatial-Analysis\Lecture Eight - Geospatial Data.ipynb","4AB03F67EEA172B1F663B8963C1E20F6F31685C744506B14C5EF842292772A1D"
"Moved","E:\DataViz Course\Week 9\Lecture Eight - Spatial Joins.ipynb","E:\DataViz Course\Geospatial Learning\01-Course\01-Geospatial-Foundations-and-Spatial-Analysis\Lecture Eight - Spatial Joins.ipynb","484CC135FDE127AA696AE016D0C3B7BEB7DAC66B6DCE1F6CEE2AEC67A11C3E53"
"Moved","E:\DataViz Course\Week 9\.ipynb_checkpoints\Lecture Eight -  GeoPandas & MapClassify-checkpoint.ipynb","E:\DataViz Course\Geospatial Learning\01-Course\01-Geospatial-Foundations-and-Spatial-Analysis\.ipynb_checkpoints\Lecture Eight -  GeoPandas & MapClassify-checkpoint.ipynb","6E5F38945E31219BFFE9F36D8DEDD35E91A861F26A183D531FEE4816C04FDA5D"
"Moved","E:\DataViz Course\Week 9\.ipynb_checkpoints\Lecture Eight - GeoPlot-checkpoint.ipynb","E:\DataViz Course\Geospatial Learning\01-Course\01-Geospatial-Foundations-and-Spatial-Analysis\.ipynb_checkpoints\Lecture Eight - GeoPlot-checkpoint.ipynb","1DA6DC7008B624F092F7C5FE1390CDE5AD135E2DBDED832E7AFF5EAABFD80C95"
"Moved","E:\DataViz Course\Week 9\.ipynb_checkpoints\Lecture Eight - Geospatial Data-checkpoint.ipynb","E:\DataViz Course\Geospatial Learning\01-Course\01-Geospatial-Foundations-and-Spatial-Analysis\.ipynb_checkpoints\Lecture Eight - Geospatial Data-checkpoint.ipynb","4AB03F67EEA172B1F663B8963C1E20F6F31685C744506B14C5EF842292772A1D"
"Moved","E:\DataViz Course\Week 9\.ipynb_checkpoints\Lecture Eight - Spatial Joins-checkpoint.ipynb","E:\DataViz Course\Geospatial Learning\01-Course\01-Geospatial-Foundations-and-Spatial-Analysis\.ipynb_checkpoints\Lecture Eight - Spatial Joins-checkpoint.ipynb","484CC135FDE127AA696AE016D0C3B7BEB7DAC66B6DCE1F6CEE2AEC67A11C3E53"
"Copied","E:\notebooks-master\jupyter-notebooks\vector\shapefile.ipynb","E:\DataViz Course\Geospatial Learning\02-Vector-and-Web-Maps\vector\shapefile.ipynb","FD995CA4B9969FA25B4980CF4950ED3AAA91A95D51A2162E4F14418BCC93D42D"
"Copied","E:\notebooks-master\jupyter-notebooks\vector\ne_110m_admin_0_countries\ne_110m_admin_0_countries.README.html","E:\DataViz Course\Geospatial Learning\02-Vector-and-Web-Maps\vector\ne_110m_admin_0_countries\ne_110m_admin_0_countries.README.html","0117E7ACB5B1D0B2E6A15B7E7BAED97F5AE02F667ED50047A54246A64534E3FD"
"Copied","E:\notebooks-master\jupyter-notebooks\vector\ne_110m_admin_0_countries\ne_110m_admin_0_countries.VERSION.txt","E:\DataViz Course\Geospatial Learning\02-Vector-and-Web-Maps\vector\ne_110m_admin_0_countries\ne_110m_admin_0_countries.VERSION.txt","0874A8FE36EFFB87780F431845B5A7D85BE657F2BD998CE8EEACE717860D3B78"
"Copied","E:\notebooks-master\jupyter-notebooks\vector\ne_110m_admin_0_countries\ne_110m_admin_0_countries.cpg","E:\DataViz Course\Geospatial Learning\02-Vector-and-Web-Maps\vector\ne_110m_admin_0_countries\ne_110m_admin_0_countries.cpg","3AD3031F5503A4404AF825262EE8232CC04D4EA6683D42C5DD0A2F2A27AC9824"
"Copied","E:\notebooks-master\jupyter-notebooks\vector\ne_110m_admin_0_countries\ne_110m_admin_0_countries.dbf","E:\DataViz Course\Geospatial Learning\02-Vector-and-Web-Maps\vector\ne_110m_admin_0_countries\ne_110m_admin_0_countries.dbf","4B4F72BF36EACEBF43C681810F80732E5F58725ECDC012F56650DB8079C54FB6"
"Copied","E:\notebooks-master\jupyter-notebooks\vector\ne_110m_admin_0_countries\ne_110m_admin_0_countries.prj","E:\DataViz Course\Geospatial Learning\02-Vector-and-Web-Maps\vector\ne_110m_admin_0_countries\ne_110m_admin_0_countries.prj","3259F0E55290A82B1350646F604E8A7EE1E2136C0320A40FAD838AB40819FFF8"
"Copied","E:\notebooks-master\jupyter-notebooks\vector\ne_110m_admin_0_countries\ne_110m_admin_0_countries.shp","E:\DataViz Course\Geospatial Learning\02-Vector-and-Web-Maps\vector\ne_110m_admin_0_countries\ne_110m_admin_0_countries.shp","08E341606E8391E458C3F08DEB312DE664B56BFAE376064C5AA0AEE6681A5F55"
"Copied","E:\notebooks-master\jupyter-notebooks\vector\ne_110m_admin_0_countries\ne_110m_admin_0_countries.shx","E:\DataViz Course\Geospatial Learning\02-Vector-and-Web-Maps\vector\ne_110m_admin_0_countries\ne_110m_admin_0_countries.shx","8B0BE2AD97DD484AEE5C2EBC98697D5372E832B8AE58A35A661AEEF6B985668D"
"Copied","E:\notebooks-master\jupyter-notebooks\webtiles\osm_basemap.ipynb","E:\DataViz Course\Geospatial Learning\02-Vector-and-Web-Maps\webtiles\osm_basemap.ipynb","9CD4C524E5A366913FF21DFFEEF79BB36CA58A71147E1B7D68A150E73CED66B5"
"Copied","E:\notebooks-master\jupyter-notebooks\webtiles\visualize_imagery_over_time.ipynb","E:\DataViz Course\Geospatial Learning\02-Vector-and-Web-Maps\webtiles\visualize_imagery_over_time.ipynb","EF240C4A9D909EBF5FC3444BBEB6FE7993B4D69BC726DC6AB5D4D4E33C6EC457"
"Copied","E:\notebooks-master\jupyter-notebooks\coverage\calculate_coverage.ipynb","E:\DataViz Course\Geospatial Learning\02-Vector-and-Web-Maps\coverage\calculate_coverage.ipynb","E86331F3C8372F5A0489537B01ED27C2BDD7378841496C2353442E608002D7C0"
"Copied","E:\notebooks-master\jupyter-notebooks\coverage\calculate_coverage_wgs84.ipynb","E:\DataViz Course\Geospatial Learning\02-Vector-and-Web-Maps\coverage\calculate_coverage_wgs84.ipynb","934CF3D1F3A65E85F2D7A438DE247DC18CFA6C5AFB714D294ABCCEDA8C83A643"
"Copied","E:\notebooks-master\jupyter-notebooks\coverage\iowa.geojson","E:\DataViz Course\Geospatial Learning\02-Vector-and-Web-Maps\coverage\iowa.geojson","6FC1D9B96BFA15B51B0A4065D34032EFE42DB91056C154A3E7C3CCB74EC0970A"
"Copied","E:\notebooks-master\jupyter-notebooks\coverage\iowa_state.png","E:\DataViz Course\Geospatial Learning\02-Vector-and-Web-Maps\coverage\iowa_state.png","A0908C243F08AD3F54C31D4F9B2B65508E9F22566A9F5FE742DD540248687008"
"Copied","E:\notebooks-master\jupyter-notebooks\getting-to-know-sat-imagery\Inspecting_Satellite_Imagery.ipynb","E:\DataViz Course\Geospatial Learning\03-Raster-Fundamentals\getting-to-know-sat-imagery\Inspecting_Satellite_Imagery.ipynb","7628537C67E05EA140A03BCDA35C4950340A31D915A01698A0EDF904E966AF98"
"Copied","E:\notebooks-master\jupyter-notebooks\getting-to-know-sat-imagery\Visualizing_Satellite_Imagery.ipynb","E:\DataViz Course\Geospatial Learning\03-Raster-Fundamentals\getting-to-know-sat-imagery\Visualizing_Satellite_Imagery.ipynb","BA54D849855C35AF6C79287497AC070B6D9F8B397531F808BDB5F0F30562BD34"
"Copied","E:\notebooks-master\jupyter-notebooks\getting-to-know-sat-imagery\example.tif","E:\DataViz Course\Geospatial Learning\03-Raster-Fundamentals\getting-to-know-sat-imagery\example.tif","8A6DFEBA35D0CE02D544271D2B1D39314E2E5E5754D7C5F01AD4D910E19CC682"
"Copied","E:\notebooks-master\jupyter-notebooks\getting-to-know-sat-imagery\pixels2.png","E:\DataViz Course\Geospatial Learning\03-Raster-Fundamentals\getting-to-know-sat-imagery\pixels2.png","9B411AD3545B609F2460F4FC48CF64E1A061170730D9F572A8B6280EB299D9C6"
"Copied","E:\notebooks-master\jupyter-notebooks\scipy-2022-workshop\0_download_data.ipynb","E:\DataViz Course\Geospatial Learning\03-Raster-Fundamentals\scipy-2022-workshop\0_download_data.ipynb","37318B22F6946E261A8F80877A0F4440983F9C9E96DA9F4E63EE85BBDCE60836"
"Copied","E:\notebooks-master\jupyter-notebooks\scipy-2022-workshop\1_rasterio_firstlook.ipynb","E:\DataViz Course\Geospatial Learning\03-Raster-Fundamentals\scipy-2022-workshop\1_rasterio_firstlook.ipynb","DE181DC86E012D9DBF82BC55CB2F87DE996729AEC7869ADB2999BE7CCD718666"
"Copied","E:\notebooks-master\jupyter-notebooks\scipy-2022-workshop\2_rasterbands.ipynb","E:\DataViz Course\Geospatial Learning\03-Raster-Fundamentals\scipy-2022-workshop\2_rasterbands.ipynb","1E2B4E5C4AF9F19E80D654F82C1AA13C4D33CDB19A78637209B9128AAFCB9759"
"Copied","E:\notebooks-master\jupyter-notebooks\scipy-2022-workshop\3_Compute_NDWI.ipynb","E:\DataViz Course\Geospatial Learning\03-Raster-Fundamentals\scipy-2022-workshop\3_Compute_NDWI.ipynb","902AAF2463EF57EB3787DEFA1E5546AD6C23D61EFDCF783B6D4FA6D08E1AB70D"
"Copied","E:\notebooks-master\jupyter-notebooks\scipy-2022-workshop\4_masks_and_filters.ipynb","E:\DataViz Course\Geospatial Learning\03-Raster-Fundamentals\scipy-2022-workshop\4_masks_and_filters.ipynb","A2E1BC22627FB69147F92F59278F65E6D5459ECD09D74156413DD90669F1B2F6"
"Copied","E:\notebooks-master\jupyter-notebooks\scipy-2022-workshop\5_plotting_a_histogram.ipynb","E:\DataViz Course\Geospatial Learning\03-Raster-Fundamentals\scipy-2022-workshop\5_plotting_a_histogram.ipynb","16A92FED57E4E59B76557F63602515282AECBDCE9FF2AC8010D4B994BDC418B3"
"Copied","E:\notebooks-master\jupyter-notebooks\scipy-2022-workshop\README.md","E:\DataViz Course\Geospatial Learning\03-Raster-Fundamentals\scipy-2022-workshop\README.md","1F8ADF94D8F5CE7326A6F004EBFBA5CFAA9B8AF259438573ACFC09215B14BAA3"
"Copied","E:\notebooks-master\jupyter-notebooks\scipy-2022-workshop\coastline_analysis.ipynb","E:\DataViz Course\Geospatial Learning\03-Raster-Fundamentals\scipy-2022-workshop\coastline_analysis.ipynb","AF53085EBFCC982C7BBEE5F26732CAB4886FF49A92E25472912C851EA7762957"
"Copied","E:\notebooks-master\jupyter-notebooks\scipy-2022-workshop\assets\coastal_erosion_Bangladesh.geojson","E:\DataViz Course\Geospatial Learning\03-Raster-Fundamentals\scipy-2022-workshop\assets\coastal_erosion_Bangladesh.geojson","152024D13E6D8571A182D9BA674796A781BD160D5206D0F0D20DEBF45678543A"
"Copied","E:\notebooks-master\jupyter-notebooks\scipy-2022-workshop\assets\region.png","E:\DataViz Course\Geospatial Learning\03-Raster-Fundamentals\scipy-2022-workshop\assets\region.png","69EAD506A5CE34A05AC513BA15CE821E7B8B620A8E7D6EF01A91C52E792FD61C"
"Copied","E:\notebooks-master\jupyter-notebooks\ndvi\.gitignore","E:\DataViz Course\Geospatial Learning\04-Remote-Sensing-Practice\ndvi\.gitignore","1ED643BE9835C972151FA763598785E8FD90FE5B8BA3E1FA7AD9C626AF279ECD"
"Copied","E:\notebooks-master\jupyter-notebooks\ndvi\ndvi_planetscope.ipynb","E:\DataViz Course\Geospatial Learning\04-Remote-Sensing-Practice\ndvi\ndvi_planetscope.ipynb","A229E6C2EAC365DE48D487DAF932650CA4D17D3B238B36B891B9B7664A4E1467"
"Copied","E:\notebooks-master\jupyter-notebooks\ndvi\data\.gitkeep","E:\DataViz Course\Geospatial Learning\04-Remote-Sensing-Practice\ndvi\data\.gitkeep","E3B0C44298FC1C149AFBF4C8996FB92427AE41E4649B934CA495991B7852B855"
"Copied","E:\notebooks-master\jupyter-notebooks\ndvi\images\ndvi-equation.png","E:\DataViz Course\Geospatial Learning\04-Remote-Sensing-Practice\ndvi\images\ndvi-equation.png","1B0586C1DCF4A4F72398A1666F0EDF4D2663CF6247FD85B99075AE7B3E47201C"
"Copied","E:\notebooks-master\jupyter-notebooks\ndvi\output\.gitkeep","E:\DataViz Course\Geospatial Learning\04-Remote-Sensing-Practice\ndvi\output\.gitkeep","E3B0C44298FC1C149AFBF4C8996FB92427AE41E4649B934CA495991B7852B855"
"Copied","E:\notebooks-master\jupyter-notebooks\ndvi\output\ndvi_cmap.png","E:\DataViz Course\Geospatial Learning\04-Remote-Sensing-Practice\ndvi\output\ndvi_cmap.png","0375414C051D83429377F3905A6F91FA81E8778D89E2B4643316206B427AA3EF"
"Copied","E:\notebooks-master\jupyter-notebooks\ndvi-from-sr\.gitignore","E:\DataViz Course\Geospatial Learning\04-Remote-Sensing-Practice\ndvi-from-sr\.gitignore","1ED643BE9835C972151FA763598785E8FD90FE5B8BA3E1FA7AD9C626AF279ECD"
"Copied","E:\notebooks-master\jupyter-notebooks\ndvi-from-sr\ndvi_planetscope_sr.ipynb","E:\DataViz Course\Geospatial Learning\04-Remote-Sensing-Practice\ndvi-from-sr\ndvi_planetscope_sr.ipynb","B646D0FD9BFBAF55D3AA39FC28EEABB84730D6CFFD3D64436DA2C4C0370F301E"
"Copied","E:\notebooks-master\jupyter-notebooks\ndvi-from-sr\data\.gitkeep","E:\DataViz Course\Geospatial Learning\04-Remote-Sensing-Practice\ndvi-from-sr\data\.gitkeep","E3B0C44298FC1C149AFBF4C8996FB92427AE41E4649B934CA495991B7852B855"
"Copied","E:\notebooks-master\jupyter-notebooks\ndvi-from-sr\images\ndvi-equation.png","E:\DataViz Course\Geospatial Learning\04-Remote-Sensing-Practice\ndvi-from-sr\images\ndvi-equation.png","1B0586C1DCF4A4F72398A1666F0EDF4D2663CF6247FD85B99075AE7B3E47201C"
"Copied","E:\notebooks-master\jupyter-notebooks\ndvi-from-sr\output\.gitkeep","E:\DataViz Course\Geospatial Learning\04-Remote-Sensing-Practice\ndvi-from-sr\output\.gitkeep","E3B0C44298FC1C149AFBF4C8996FB92427AE41E4649B934CA495991B7852B855"
"Copied","E:\notebooks-master\jupyter-notebooks\ndvi-from-sr\output\ndvi-fig.png","E:\DataViz Course\Geospatial Learning\04-Remote-Sensing-Practice\ndvi-from-sr\output\ndvi-fig.png","5CA5D1B3A3862E395F221C17E721F42F970E2AF84B2BB22A2D66D9ED830F3613"
"Copied","E:\notebooks-master\jupyter-notebooks\ndvi-from-sr\output\ndvi-histogram.png","E:\DataViz Course\Geospatial Learning\04-Remote-Sensing-Practice\ndvi-from-sr\output\ndvi-histogram.png","835000F3F9B250AB35D782E48E6657F32602C647135AEFE64A9568C7008B7BE7"
"Copied","E:\notebooks-master\jupyter-notebooks\in-class-exercises\band-math-generate-ndvi\generate-ndvi-exercise-key.ipynb","E:\DataViz Course\Geospatial Learning\04-Remote-Sensing-Practice\in-class-exercises\band-math-generate-ndvi\generate-ndvi-exercise-key.ipynb","BEBED7F5D9F1CE0998C526CAF587CC51643E7D8B51151A4EB93709302479179B"
"Copied","E:\notebooks-master\jupyter-notebooks\in-class-exercises\band-math-generate-ndvi\generate-ndvi-exercise.ipynb","E:\DataViz Course\Geospatial Learning\04-Remote-Sensing-Practice\in-class-exercises\band-math-generate-ndvi\generate-ndvi-exercise.ipynb","82D082B2475269A4EB9A68D69EFE774222F99D652C7D11EE2C25A2272158D3CA"
"Copied","E:\notebooks-master\jupyter-notebooks\in-class-exercises\band-math-generate-ndvi\data\ndvi-equation.png","E:\DataViz Course\Geospatial Learning\04-Remote-Sensing-Practice\in-class-exercises\band-math-generate-ndvi\data\ndvi-equation.png","1B0586C1DCF4A4F72398A1666F0EDF4D2663CF6247FD85B99075AE7B3E47201C"
"Copied","E:\notebooks-master\jupyter-notebooks\in-class-exercises\convert-radiance-to-reflectance\convert-radiance-to-reflectance-key.ipynb","E:\DataViz Course\Geospatial Learning\04-Remote-Sensing-Practice\in-class-exercises\convert-radiance-to-reflectance\convert-radiance-to-reflectance-key.ipynb","F8F1606706A384EA5BC26B3777351F6CC338DA293889F6CDC3668B0A3F793FA1"
"Copied","E:\notebooks-master\jupyter-notebooks\in-class-exercises\convert-radiance-to-reflectance\convert-radiance-to-reflectance.ipynb","E:\DataViz Course\Geospatial Learning\04-Remote-Sensing-Practice\in-class-exercises\convert-radiance-to-reflectance\convert-radiance-to-reflectance.ipynb","49B337A281541B608DFEBC4B91D67C356CFEED78A8C18F5AC98F3147F25DABD7"
"Copied","E:\notebooks-master\jupyter-notebooks\in-class-exercises\mosaicing-and-masking\mosaicing-and-masking-key.ipynb","E:\DataViz Course\Geospatial Learning\04-Remote-Sensing-Practice\in-class-exercises\mosaicing-and-masking\mosaicing-and-masking-key.ipynb","9BA76B4E9CBF72A34CDF403053A35DF78EBE0DBDC63F4F25906D7F8520D5DF4E"
"Copied","E:\notebooks-master\jupyter-notebooks\in-class-exercises\mosaicing-and-masking\mosaicing-and-masking.ipynb","E:\DataViz Course\Geospatial Learning\04-Remote-Sensing-Practice\in-class-exercises\mosaicing-and-masking\mosaicing-and-masking.ipynb","A055B712C91E192B5C1E0B41C67B52DCE089E7A9867C7BD90807DCCC6218B16A"
"Copied","E:\notebooks-master\jupyter-notebooks\in-class-exercises\mosaicing-and-masking\data\mt-dana-small.geojson","E:\DataViz Course\Geospatial Learning\04-Remote-Sensing-Practice\in-class-exercises\mosaicing-and-masking\data\mt-dana-small.geojson","FEE094DF0976A917531EDFE493F1F588DE3B8F80CDEED640B21D72E9E36A8424"
"Copied","E:\notebooks-master\jupyter-notebooks\in-class-exercises\mosaicing-and-masking\images\explorer-data-order.png","E:\DataViz Course\Geospatial Learning\04-Remote-Sensing-Practice\in-class-exercises\mosaicing-and-masking\images\explorer-data-order.png","5094D50EC553EFD756E32A6E21B840E377B0BB467826DA6F03AA54A0C7C49A45"
"Copied","E:\notebooks-master\jupyter-notebooks\in-class-exercises\mosaicing-and-masking\images\explorer-mt-dana.gif","E:\DataViz Course\Geospatial Learning\04-Remote-Sensing-Practice\in-class-exercises\mosaicing-and-masking\images\explorer-mt-dana.gif","CAF110CB023B5607E08B7D35A163736AB585B92D4A2D3B561074E0160CF087C9"
"Copied","E:\notebooks-master\jupyter-notebooks\in-class-exercises\mosaicing-and-masking\images\final_in_qgis.png","E:\DataViz Course\Geospatial Learning\04-Remote-Sensing-Practice\in-class-exercises\mosaicing-and-masking\images\final_in_qgis.png","6781C6E938F11FD735651CECB8FC4E647D4710C5BA4FF3C789315077872160EE"
"Copied","E:\notebooks-master\jupyter-notebooks\in-class-exercises\mosaicing-and-masking\images\pe-mtdana.gif","E:\DataViz Course\Geospatial Learning\04-Remote-Sensing-Practice\in-class-exercises\mosaicing-and-masking\images\pe-mtdana.gif","22E019E2F3EE360FC9A1EC6E9D336C472489113F9806E2E2A3EF122868ECCC5D"
"Copied","E:\notebooks-master\jupyter-notebooks\cloud-native-geospatial\README.md","E:\DataViz Course\Geospatial Learning\05-Cloud-Geospatial\cloud-native-geospatial\README.md","14BF837FB5CA69D9207F1ABB1DA0D1FF8B9886DAA2DE717E334C7D2324D86D2B"
"Copied","E:\notebooks-master\jupyter-notebooks\cloud-native-geospatial\intro-to-cogs\introduction-to-cogs-part2.ipynb","E:\DataViz Course\Geospatial Learning\05-Cloud-Geospatial\cloud-native-geospatial\intro-to-cogs\introduction-to-cogs-part2.ipynb","0576CA28B5BB4D03B78C7D912B34B581E60D8369DD50213B80E609679D4AB1F5"
"Copied","E:\notebooks-master\jupyter-notebooks\cloud-native-geospatial\intro-to-cogs\introduction-to-cogs-part3.ipynb","E:\DataViz Course\Geospatial Learning\05-Cloud-Geospatial\cloud-native-geospatial\intro-to-cogs\introduction-to-cogs-part3.ipynb","2B775297D0FB856732984C7DE9D8929EAE467991185B6BAD4B6DFAC9701D0DB6"
"Copied","E:\notebooks-master\jupyter-notebooks\cloud-native-geospatial\intro-to-cogs\introduction-to-cogs.ipynb","E:\DataViz Course\Geospatial Learning\05-Cloud-Geospatial\cloud-native-geospatial\intro-to-cogs\introduction-to-cogs.ipynb","9797F2DA8A9AD34633E97A0809F455324C15D4B3BE1EE9035FDD02C18D852884"
"Copied","E:\notebooks-master\jupyter-notebooks\cloud-native-geospatial\intro-to-stac\introduction-to-stac-part1.ipynb","E:\DataViz Course\Geospatial Learning\05-Cloud-Geospatial\cloud-native-geospatial\intro-to-stac\introduction-to-stac-part1.ipynb","DC7E0F4EBC00A86224322920C4C4E098B4E381038EDFDCF658FAEB084DE812AE"
"Copied","E:\notebooks-master\jupyter-notebooks\cloud-native-geospatial\intro-to-stac\introduction-to-stac-part2.ipynb","E:\DataViz Course\Geospatial Learning\05-Cloud-Geospatial\cloud-native-geospatial\intro-to-stac\introduction-to-stac-part2.ipynb","E3FBDA8B9395186E477F377C813029A990F1FDDF515DBD1AF1D3DB254260F6D8"
